date,vendor,description,amount,category,payer,settled,receipt,note
2026-08-01,日本ハイウェイ・サービス,東京ばな奈7個ほか,6781,B,畠山,no,r001,対戦校への手土産と思われる。要確認
2026-08-02,セブンイレブン菅平高原八店,串団子3本入 23パック,3179,C,畠山,no,r002,補食。昨年台帳でも団子は雑費計上
2026-08-02,セブンイレブン菅平高原八店,串団子3本入 5パック,691,C,畠山,no,r003,補食。昨年台帳でも団子は雑費計上
2026-08-02,コメリ真田店,消臭剤・HDMIケーブル,2178,C,畠山,no,r004,
2026-08-02,セブンイレブン菅平高原八店,ゼリー飲料3点,878,C,畠山,no,r005,
2026-08-06,セブンイレブン菅平高原八店,内訳記載なし（クレジット払い）,14631,C,畠山,no,r006,品目不明。要メモ
2026-08-06,セブンイレブン菅平高原八店,菓子類,2337,C,畠山,no,r007,
2026-08-06,菅平ホテル,コインランドリーカード 1000円×2枚,2000,C,畠山,no,r008,残額は翌年繰越。カード現物は部で保管
2026-08-03,医療機関,秋元翔斗 受診料,1070,B,占部,no,r009,メディカル費
